listing_id,id,date,reviewer_id,reviewer_name,DAY,Month,YEAR,Quarter
4940379,58316661,1/2/2016,26882483,Joellyn,2,1,2016,1
8704931,58143721,1/1/2016,47348469,Brian,1,1,2016,1
4910140,58098597,12/31/2015,24737621,嘉倩,31,12,2015,4
8441477,57880769,12/30/2015,3661325,Carol,30,12,2015,4
9564093,57819564,12/29/2015,49476006,Miyu,29,12,2015,4
7363701,57851559,12/29/2015,41645247,Mark,29,12,2015,4
7678064,57805067,12/29/2015,7273493,Howard,29,12,2015,4
5164581,57697948,12/28/2015,22218436,Xiao   Jun,28,12,2015,4
8889257,57565572,12/27/2015,50153406,Stacy,27,12,2015,4
5242148,57507198,12/27/2015,6060389,Caprice,27,12,2015,4
9118240,57477433,12/26/2015,15642583,Ronny,26,12,2015,4
8392661,57483283,12/26/2015,7377492,Jason,26,12,2015,4
4449303,57242583,12/23/2015,47466955,Wendy,23,12,2015,4
5174876,57045998,12/21/2015,8714494,Catherine,21,12,2015,4
4940379,57055555,12/21/2015,45687823,Richard,21,12,2015,4
7262142,56966363,12/20/2015,50766700,Taryn,20,12,2015,4
20927,56950633,12/20/2015,28450404,David,20,12,2015,4
9449062,56870340,12/19/2015,114107,Ronald,19,12,2015,4
43373,56828113,12/18/2015,46867744,Jordan,18,12,2015,4
6118359,56834563,12/18/2015,51347461,Tinysun,18,12,2015,4
5057466,56821973,12/18/2015,2396938,Ed,18,12,2015,4
5415077,56527042,12/14/2015,43725583,Blake,14,12,2015,4
7324993,56393333,12/13/2015,6136153,Kristina,13,12,2015,4
9068419,56424915,12/13/2015,2684634,Rebecca,13,12,2015,4
215882,56369139,12/13/2015,6746316,Kati,13,12,2015,4
1071843,56306193,12/12/2015,47293000,Emily,12,12,2015,4
4082986,56183731,12/10/2015,45084914,Rita,10,12,2015,4
8904748,56089357,12/8/2015,27645232,Mike,8,12,2015,4
8956631,55916909,12/7/2015,12275531,Tess,7,12,2015,4
3033913,55973670,12/7/2015,49939057,Kimberly,7,12,2015,4
4623541,55909700,12/7/2015,45353346,Stephen,7,12,2015,4
7411863,55786853,12/6/2015,607714,Natnaal,6,12,2015,4
3821822,55839842,12/6/2015,49664261,Michelle,6,12,2015,4
3265292,55875923,12/6/2015,40328654,Stacy,6,12,2015,4
2525172,55727024,12/5/2015,47942103,John,5,12,2015,4
5160893,55747079,12/5/2015,27483614,Emily,5,12,2015,4
279063,55543721,12/1/2015,48566983,Erik Freyr,1,12,2015,4
4574039,55495773,12/1/2015,24750484,Shelby,1,12,2015,4
4360485,55475793,12/1/2015,31856515,Kathy,1,12,2015,4
3441402,55260058,11/29/2015,48724938,Aminah,29,11,2015,4
8391954,55236654,11/29/2015,36992262,Elizabeth,29,11,2015,4
7364146,55240013,11/29/2015,15792437,Loree,29,11,2015,4
8105221,55319404,11/29/2015,49882681,Dan,29,11,2015,4
7305969,55115281,11/28/2015,46504458,Melinda,28,11,2015,4
8338155,55044907,11/27/2015,16305509,Courtney,27,11,2015,4
6927016,55058463,11/27/2015,16639227,Phoebe,27,11,2015,4
544433,54974016,11/27/2015,16595216,Lynn,27,11,2015,4
4752817,54987446,11/27/2015,45107937,Lorena,27,11,2015,4
2039149,54845725,11/25/2015,40648333,Loren,25,11,2015,4
794633,54908995,11/25/2015,48299797,Kevin,25,11,2015,4
5705161,54891819,11/25/2015,47631023,Adam,25,11,2015,4
443580,54732729,11/23/2015,5927807,Margo,23,11,2015,4
7219838,54833188,11/23/2015,49554341,Andrew,23,11,2015,4
6647442,54645383,11/22/2015,48564908,Li-Wen,22,11,2015,4
217142,54571673,11/22/2015,34945606,Elizabeth,22,11,2015,4
9394508,54543899,11/21/2015,20814399,Gabriel,21,11,2015,4
8027776,54465765,11/20/2015,6299349,Jacob,20,11,2015,4
7636185,54373529,11/19/2015,44208958,Kate,19,11,2015,4
6747473,54423328,11/19/2015,49207950,Sharlei,19,11,2015,4
9411935,54418964,11/19/2015,46785674,Eric,19,11,2015,4
6674408,54361599,11/18/2015,11333319,Morgan,18,11,2015,4
5882923,54235295,11/17/2015,5626708,Adam,17,11,2015,4
5978216,54293431,11/17/2015,7581583,Tracey,17,11,2015,4
7634011,54303341,11/17/2015,32619377,Rob,17,11,2015,4
1018204,54163244,11/16/2015,1973009,Chris,16,11,2015,4
6990882,54123765,11/16/2015,36992680,Annie,16,11,2015,4
3424991,54116274,11/16/2015,21979218,Liam,16,11,2015,4
208356,53978158,11/15/2015,45547157,Phuong Linh,15,11,2015,4
4374326,53842536,11/13/2015,1209361,Brian,13,11,2015,4
443736,53866119,11/13/2015,48358593,Curtis,13,11,2015,4
6590264,53862327,11/13/2015,5870140,Favian,13,11,2015,4
3231850,53776880,11/12/2015,2007580,Elizabeth,12,11,2015,4
8116395,53804379,11/12/2015,2412589,Lena,12,11,2015,4
7618605,53790357,11/12/2015,34456950,Karen,12,11,2015,4
5096363,53722772,11/11/2015,5350210,Kathie,11,11,2015,4
421168,53600084,11/10/2015,33466553,Sue,10,11,2015,4
491958,53458322,11/9/2015,18053473,Paul,9,11,2015,4
7636185,53466804,11/9/2015,43107282,Julia,9,11,2015,4
9138923,53540884,11/9/2015,9762605,New,9,11,2015,4
2660384,53366600,11/8/2015,42258520,Jose,8,11,2015,4
4236723,53418821,11/8/2015,47971372,Melanie,8,11,2015,4
8251213,53437205,11/8/2015,2530503,Jonathan,8,11,2015,4
4432489,53440427,11/8/2015,44668247,Candice,8,11,2015,4
8474584,53185787,11/6/2015,24270386,Michelle,6,11,2015,4
6927016,53110522,11/5/2015,40731741,Jacquelyn,5,11,2015,4
4384095,53145136,11/5/2015,42967263,Seok,5,11,2015,4
3139972,52984330,11/3/2015,2995234,Constance,3,11,2015,4
7391003,52985191,11/3/2015,39163102,Adwynna,3,11,2015,4
7362757,52893814,11/2/2015,37729695,John,2,11,2015,4
3449059,52748707,11/1/2015,11480648,Natalie,1,11,2015,4
3861673,52679191,11/1/2015,39964388,Steve,1,11,2015,4
208356,52704764,11/1/2015,10590463,Cameron,1,11,2015,4
3245876,52778613,11/1/2015,32910241,Jen,1,11,2015,4
4236723,52663288,10/31/2015,26312861,Scott,31,10,2015,4
7035498,52525757,10/30/2015,2372701,Dee,30,10,2015,4
2686374,52557067,10/30/2015,47505080,Brendon,30,10,2015,4
1707064,52525277,10/30/2015,6210581,Ed,30,10,2015,4
5405643,52518087,10/30/2015,45024627,Amir,30,10,2015,4
988176,52442803,10/29/2015,36239484,Newman,29,10,2015,4
6453383,52465204,10/29/2015,21395518,Rosely,29,10,2015,4
4645405,52430730,10/29/2015,6453452,Lisa,29,10,2015,4
9460,52314205,10/28/2015,5887844,Susan,28,10,2015,4
279063,52305159,10/27/2015,45570452,John,27,10,2015,4
3245876,52298952,10/27/2015,1333318,Harry,27,10,2015,4
3522409,52258668,10/27/2015,6893173,Ian,27,10,2015,4
2399736,52212543,10/27/2015,39828286,Inka,27,10,2015,4
1651324,52148975,10/26/2015,5057475,Adam,26,10,2015,4
7050204,52117997,10/26/2015,18883151,Will,26,10,2015,4
8847108,52161013,10/26/2015,16807451,Kurt,26,10,2015,4
7843995,52112123,10/26/2015,14015752,Leslie,26,10,2015,4
6118359,51987297,10/25/2015,46445343,Sarah,25,10,2015,4
1090449,51956157,10/25/2015,30999122,Amanda,25,10,2015,4
4047058,51931676,10/25/2015,33581039,Nikki,25,10,2015,4
1790020,51865421,10/24/2015,23542822,Bryan,24,10,2015,4
1857141,51813865,10/24/2015,46460926,Lindsay,24,10,2015,4
6958603,51618548,10/22/2015,42951879,Lauren,22,10,2015,4
2737012,51554190,10/21/2015,44887981,Anna,21,10,2015,4
6603376,51555558,10/21/2015,44985249,Bongki,21,10,2015,4
6837751,51512326,10/20/2015,3817547,Russell,20,10,2015,4
2825852,51408092,10/19/2015,25841792,Jen,19,10,2015,4
7873789,51400325,10/19/2015,6960367,Emily,19,10,2015,4
491958,51269267,10/19/2015,37498930,Gayle,19,10,2015,4
5991139,51334217,10/19/2015,25403542,Brittany,19,10,2015,4
5308339,51394356,10/19/2015,44432439,Bruno,19,10,2015,4
904057,51378496,10/19/2015,28467651,Jena,19,10,2015,4
6452801,51043326,10/17/2015,16524785,Robby,17,10,2015,4
7471629,51076718,10/17/2015,168862,Mikal,17,10,2015,4
7534812,51044338,10/17/2015,44069761,Mohammed,17,10,2015,4
8372038,51004042,10/16/2015,29011080,Ben,16,10,2015,4
4694479,50760664,10/14/2015,5621268,Katja,14,10,2015,4
6870575,50821101,10/14/2015,23412049,Bridget,14,10,2015,4
6288141,50778301,10/14/2015,9243370,Ever,14,10,2015,4
748526,50668121,10/13/2015,42479608,Chalanda,13,10,2015,4
4681885,50730084,10/13/2015,25806155,Markus,13,10,2015,4
5127136,50660064,10/13/2015,5737439,Eric & Traci,13,10,2015,4
6886633,50461840,10/12/2015,21103844,Nicole,12,10,2015,4
7262142,50500333,10/12/2015,6981392,Amanda,12,10,2015,4
80188,50607837,10/12/2015,21580973,Dhira,12,10,2015,4
7735313,50510686,10/12/2015,3067120,Christine,12,10,2015,4
6554352,50342013,10/11/2015,30305543,Jofelyne,11,10,2015,4
3821822,50291940,10/11/2015,10699708,Liz,11,10,2015,4
941467,50273546,10/11/2015,7052046,Laura,11,10,2015,4
7902268,50243632,10/10/2015,45781719,Moritz,10,10,2015,4
6451305,50207318,10/10/2015,27105845,DONALD (Deke),10,10,2015,4
631445,50085827,10/9/2015,10564788,Nikki,9,10,2015,4
1039766,50115457,10/9/2015,6296050,Kathleen,9,10,2015,4
338043,50118803,10/9/2015,13608998,Randy,9,10,2015,4
3487824,50155176,10/9/2015,44712166,Joseph,9,10,2015,4
3522409,50125736,10/9/2015,728883,Guillermo,9,10,2015,4
107962,50028663,10/8/2015,41872420,Riko,8,10,2015,4
6202214,49895802,10/7/2015,2688287,Bill,7,10,2015,4
3891695,49946032,10/7/2015,45365164,Jacqueline,7,10,2015,4
7697170,49795750,10/6/2015,30676486,Joshua,6,10,2015,4
841049,49808923,10/6/2015,40081147,川Rochelle,6,10,2015,4
719233,49766970,10/6/2015,7642027,Michael,6,10,2015,4
4820795,49625042,10/5/2015,33906416,Nina,5,10,2015,4
6514446,49618920,10/5/2015,41283364,Alexander,5,10,2015,4
5078876,49661601,10/5/2015,29521843,Hope,5,10,2015,4
1039766,49738570,10/5/2015,19530645,Hayley,5,10,2015,4
8186781,49687426,10/5/2015,15540475,Christie,5,10,2015,4
828298,49441914,10/4/2015,39952870,Sharon,4,10,2015,4
7956227,49523962,10/4/2015,6834781,Jeffrey,4,10,2015,4
7661577,49348574,10/3/2015,43187109,Michael,3,10,2015,4
2033191,49404457,10/3/2015,45376296,Judith,3,10,2015,4
2284536,49328170,10/3/2015,3056160,Brigetta,3,10,2015,4
5422159,49208004,10/2/2015,21158589,Wimjoost,2,10,2015,4
7858454,49141274,10/1/2015,21805474,Piya,1,10,2015,4
6423204,49145000,10/1/2015,43269979,Ken,1,10,2015,4
7256122,49016056,9/30/2015,24032966,Katie,30,9,2015,3
4110396,49003871,9/30/2015,31485119,Brett R,30,9,2015,3
1815472,48894116,9/29/2015,41421015,Cameron,29,9,2015,3
6971260,48929659,9/29/2015,43873320,Vanessa,29,9,2015,3
4318814,48710195,9/28/2015,31876811,Stephanie,28,9,2015,3
1100714,48755963,9/28/2015,23436992,Chris,28,9,2015,3
4388148,48747050,9/28/2015,42505014,Aleesha,28,9,2015,3
3120652,48746047,9/28/2015,4350005,D. Renee,28,9,2015,3
7013085,48771079,9/28/2015,45206719,Erika,28,9,2015,3
2721575,48510922,9/27/2015,19856952,Beverly,27,9,2015,3
7471629,48440264,9/26/2015,881784,Jennifer,26,9,2015,3
988176,48332990,9/25/2015,42620488,Lisa,25,9,2015,3
7872980,48261246,9/24/2015,44967784,Bryan,24,9,2015,3
6168975,48126156,9/23/2015,43947034,Rena,23,9,2015,3
6118291,48053248,9/22/2015,41271191,Ziv,22,9,2015,3
7131797,47805513,9/21/2015,43343172,Paola,21,9,2015,3
6185083,47628974,9/21/2015,395554,David,21,9,2015,3
2154617,47754244,9/21/2015,13874799,Sanaz,21,9,2015,3
8308353,47602193,9/20/2015,5790065,Joss,20,9,2015,3
4988679,47494919,9/19/2015,39177603,Anna,19,9,2015,3
1321090,47455212,9/19/2015,29471346,Graham,19,9,2015,3
1738425,47492990,9/19/2015,12759592,Jessica,19,9,2015,3
2536507,47440680,9/18/2015,3529485,Tyler,18,9,2015,3
2522091,47258954,9/17/2015,39121436,Allan,17,9,2015,3
6403878,47254339,9/17/2015,15945666,Jo,17,9,2015,3
1758935,47260704,9/17/2015,35201727,Janneke,17,9,2015,3
6691324,47045081,9/15/2015,37998732,Sameer,15,9,2015,3
706385,47051999,9/15/2015,38502064,Palen,15,9,2015,3
7699096,47075334,9/15/2015,26761393,Gloria,15,9,2015,3
6276224,47074191,9/15/2015,34189149,Jill,15,9,2015,3
8308353,47014896,9/14/2015,1964916,Jeff,14,9,2015,3
4384095,46957040,9/14/2015,5669757,Michelle,14,9,2015,3
3426639,46977094,9/14/2015,43312326,Neeraj,14,9,2015,3
3852117,46889547,9/14/2015,38878749,Raina,14,9,2015,3
4340838,46864418,9/14/2015,10129185,Sophie,14,9,2015,3
132120,46715625,9/13/2015,19126793,John,13,9,2015,3
7685745,46847159,9/13/2015,4052521,Mitch,13,9,2015,3
7649837,46796470,9/13/2015,13206497,Andrew,13,9,2015,3
6990477,46731190,9/13/2015,39033266,Justin,13,9,2015,3
3868844,46591974,9/12/2015,11985071,Hashem,12,9,2015,3
7680289,46520254,9/11/2015,39161860,Barry,11,9,2015,3
5470943,46372016,9/10/2015,1788432,Rene,10,9,2015,3
6179956,46121529,9/8/2015,1600210,Susie,8,9,2015,3
6761267,46156937,9/8/2015,22897667,Amy,8,9,2015,3
3916050,46160997,9/8/2015,4460059,Kasra,8,9,2015,3
6118198,45974468,9/7/2015,27294342,Trevor,7,9,2015,3
4772997,45978323,9/7/2015,21986177,Michael,7,9,2015,3
6993978,46024690,9/7/2015,41639800,Anna,7,9,2015,3
6824408,46081548,9/7/2015,43140187,Antonia,7,9,2015,3
1775016,45810113,9/6/2015,39877837,Elie,6,9,2015,3
6886633,45786822,9/6/2015,282196,Kristen,6,9,2015,3
6390214,45710689,9/5/2015,6509991,Mark,5,9,2015,3
5766989,45711682,9/5/2015,3137758,Kelly,5,9,2015,3
7775167,45744210,9/5/2015,9106037,Ashok Kumar,5,9,2015,3
1602488,45556108,9/4/2015,29243182,Aaron,4,9,2015,3
2693137,45498766,9/3/2015,33652093,Martin,3,9,2015,3
6939472,45530020,9/3/2015,41936039,Ayaz,3,9,2015,3
3554558,45462674,9/3/2015,6336588,Holger,3,9,2015,3
5242712,45377881,9/2/2015,35302944,Kathryn,2,9,2015,3
533443,45334901,9/1/2015,178509,Marie,1,9,2015,3
5874421,45255886,9/1/2015,36188397,Daniel,1,9,2015,3
5458027,45190637,8/31/2015,2307096,Michelle,31,8,2015,3
7347229,45111301,8/31/2015,38965889,Debra,31,8,2015,3
254340,45111235,8/31/2015,38607491,Pat,31,8,2015,3
7561333,45175346,8/31/2015,9767614,Carrie,31,8,2015,3
5213468,45096901,8/31/2015,37740935,Zak,31,8,2015,3
3022564,44884628,8/30/2015,29195280,Desiree,30,8,2015,3
3050140,44911192,8/30/2015,29763813,Robin,30,8,2015,3
1048798,44913469,8/30/2015,19396142,Jennifer,30,8,2015,3
6812415,44847242,8/29/2015,6614238,Sebastien,29,8,2015,3
6686072,44781713,8/29/2015,30193954,Kim,29,8,2015,3
25002,44634008,8/28/2015,6020866,Sylvain,28,8,2015,3
4668327,44679816,8/28/2015,23358021,Joel,28,8,2015,3
3533224,44636813,8/28/2015,32795305,Josh,28,8,2015,3
6782993,44585452,8/27/2015,22497239,Ryan,27,8,2015,3
797358,44532541,8/27/2015,15238064,Anjuli,27,8,2015,3
1758935,44405535,8/26/2015,8218211,Don And Karen,26,8,2015,3
3533224,44322677,8/25/2015,38154145,Tasha,25,8,2015,3
1323446,44315123,8/25/2015,7982500,Jeff,25,8,2015,3
6400000,44319040,8/25/2015,38559552,Jenny,25,8,2015,3
835149,44310437,8/25/2015,4285146,Singi,25,8,2015,3
4223597,44318381,8/25/2015,38552178,Andrea,25,8,2015,3
5633607,44125562,8/24/2015,2403221,Alex,24,8,2015,3
4110396,44125682,8/24/2015,14469743,The,24,8,2015,3
4461706,44156847,8/24/2015,25328592,Andrew,24,8,2015,3
7788695,44270486,8/24/2015,42212938,Patrick,24,8,2015,3
6644854,44266599,8/24/2015,20865495,Ian,24,8,2015,3
5376433,44013705,8/23/2015,40301999,Anneli,23,8,2015,3
3961077,44070219,8/23/2015,9823290,James,23,8,2015,3
7871807,44043231,8/23/2015,3240014,Miguel,23,8,2015,3
7151107,44027137,8/23/2015,5260984,Drushti,23,8,2015,3
6404427,43776226,8/22/2015,20442220,Sara,22,8,2015,3
4564730,43746998,8/22/2015,2146158,Betsy,22,8,2015,3
2526405,43788284,8/22/2015,37624219,Jessica,22,8,2015,3
7344117,43824371,8/22/2015,33461579,Meghan,22,8,2015,3
7403174,43657269,8/21/2015,38688114,Sabine,21,8,2015,3
6325685,43525592,8/20/2015,17049627,Ramon,20,8,2015,3
3951768,43290005,8/18/2015,3009369,Olivier,18,8,2015,3
609701,43209610,8/18/2015,25631310,Mary,18,8,2015,3
6185083,43258137,8/18/2015,22224985,Reynaldo,18,8,2015,3
7421950,43318658,8/18/2015,38307408,David,18,8,2015,3
7714294,43346385,8/18/2015,3212505,Cindy,18,8,2015,3
6939472,43083420,8/17/2015,38103198,Chi To,17,8,2015,3
3552523,43162128,8/17/2015,18723819,Zoe,17,8,2015,3
4438188,43048673,8/17/2015,34942667,Lisa,17,8,2015,3
7748905,42966396,8/16/2015,4731572,Lindsay,16,8,2015,3
1773803,42726569,8/15/2015,37376383,Scarlet,15,8,2015,3
5241773,42720466,8/15/2015,38508187,Matt,15,8,2015,3
1145941,42672462,8/15/2015,12923297,Julia,15,8,2015,3
4053972,42533516,8/14/2015,22726437,Claudia,14,8,2015,3
6078382,42476470,8/13/2015,39860353,Sierra,13,8,2015,3
936177,42395231,8/13/2015,34915780,April,13,8,2015,3
7698916,42346468,8/12/2015,5851353,Myrtille,12,8,2015,3
6647442,42295077,8/12/2015,37850252,Ruoxun,12,8,2015,3
757840,42323250,8/12/2015,39461168,Susan,12,8,2015,3
7363727,42314220,8/12/2015,2946496,M Cooke,12,8,2015,3
1071843,42247016,8/12/2015,23987856,Daniel,12,8,2015,3
3868844,42149898,8/11/2015,6494540,Aliya,11,8,2015,3
2769088,42189680,8/11/2015,38112823,William,11,8,2015,3
4693488,42115482,8/11/2015,14225176,Raymond,11,8,2015,3
3147706,41972246,8/10/2015,5507745,Anthony,10,8,2015,3
7756839,42094591,8/10/2015,40733429,Jose,10,8,2015,3
5218550,41924437,8/10/2015,30118676,Theresa,10,8,2015,3
4933447,41925400,8/10/2015,30112778,Connie,10,8,2015,3
2934389,42005770,8/10/2015,7684479,Christine,10,8,2015,3
6837751,41794508,8/9/2015,37520077,아람,9,8,2015,3
1246769,41719500,8/9/2015,26378274,Ryan,9,8,2015,3
7368959,41671067,8/8/2015,39357589,FrederickandAdrienne,8,8,2015,3
6807981,41618584,8/8/2015,29235667,Blake,8,8,2015,3
5834820,41497535,8/7/2015,3334231,Danielle,7,8,2015,3
492287,41452841,8/7/2015,2824978,Matthew,7,8,2015,3
934216,41412183,8/7/2015,4890834,Georgia,7,8,2015,3
2197168,41363305,8/7/2015,3642977,Rachel,7,8,2015,3
5031383,41546240,8/7/2015,37934425,JEB,7,8,2015,3
2692126,41341309,8/7/2015,6762508,Nathaniel,7,8,2015,3
6938542,41394076,8/7/2015,36666839,Kena,7,8,2015,3
4521755,41323152,8/7/2015,2780777,Naama,7,8,2015,3
3774113,41259624,8/5/2015,2097040,Julian,5,8,2015,3
6249164,41242226,8/5/2015,11401050,Cathy,5,8,2015,3
2931922,41088433,8/4/2015,11428382,David,4,8,2015,3
4157572,41119821,8/4/2015,38030512,Nathan,4,8,2015,3
7011200,41155280,8/4/2015,19751105,Cameron,4,8,2015,3
4324317,41180317,8/4/2015,12787246,Hong,4,8,2015,3
2150760,41000549,8/3/2015,17367648,Melissa,3,8,2015,3
6687939,40926050,8/3/2015,34369775,Jessie,3,8,2015,3
3646393,40926819,8/3/2015,4166513,Colin,3,8,2015,3
215882,40892732,8/3/2015,27222747,Caleb,3,8,2015,3
1956094,40956755,8/3/2015,594342,Doreen,3,8,2015,3
1472532,40705762,8/2/2015,25901899,Dan,2,8,2015,3
4608592,40710342,8/2/2015,12052738,Nikole,2,8,2015,3
4608208,40794591,8/2/2015,1829443,Anne,2,8,2015,3
4735761,40877548,8/2/2015,27272150,Kevin,2,8,2015,3
1826155,40752989,8/2/2015,16588235,Ellen,2,8,2015,3
6823781,40625868,8/1/2015,11226499,Alison,1,8,2015,3
1349175,40430358,7/31/2015,13618228,今莹,31,7,2015,3
4211081,40311537,7/30/2015,30559953,Nathan,30,7,2015,3
6325685,40397821,7/30/2015,5775807,David,30,7,2015,3
5499882,40318630,7/30/2015,31683221,Theresa,30,7,2015,3
4025593,40097597,7/28/2015,34015812,Hye Kyung,28,7,2015,3
3706719,40094195,7/28/2015,32193480,Petra,28,7,2015,3
1737244,40136623,7/28/2015,31623267,Kate,28,7,2015,3
6612940,40109816,7/28/2015,1591994,Miguel,28,7,2015,3
2809796,39930470,7/27/2015,20828775,Jenny,27,7,2015,3
7401671,40025004,7/27/2015,38593556,Jessica,27,7,2015,3
1148517,39958933,7/27/2015,17248656,Kelly,27,7,2015,3
3773784,39767646,7/26/2015,34538927,Evelyn,26,7,2015,3
2686374,39612432,7/25/2015,36955,Silvia,25,7,2015,3
6577729,39563104,7/24/2015,10077306,Firouzeh,24,7,2015,3
1707064,39552621,7/24/2015,9974017,Benjamin,24,7,2015,3
3487824,39512209,7/24/2015,29352111,Cecilia,24,7,2015,3
5495802,39279703,7/22/2015,29003923,Blair,22,7,2015,3
4417792,39262240,7/22/2015,7433570,Andrew,22,7,2015,3
4777832,39146775,7/21/2015,28127146,Brian,21,7,2015,3
5364244,39212811,7/21/2015,37368082,Scott,21,7,2015,3
1974131,38991431,7/20/2015,22458061,Laura,20,7,2015,3
258571,39007872,7/20/2015,4824675,Tony,20,7,2015,3
3186785,39034123,7/20/2015,35252404,Lindsay,20,7,2015,3
3449059,38818117,7/19/2015,377563,Christine,19,7,2015,3
3861673,38809956,7/19/2015,25777207,Karen,19,7,2015,3
6886633,38967133,7/19/2015,37011569,Johan,19,7,2015,3
6133354,38711683,7/18/2015,7406480,Beth,18,7,2015,3
7110655,38781251,7/18/2015,8236763,Matt,18,7,2015,3
3424991,38744517,7/18/2015,31940173,Ashleigh,18,7,2015,3
2489339,38660216,7/17/2015,6371498,Arielle,17,7,2015,3
1167507,38585527,7/17/2015,29745810,Ashley,17,7,2015,3
4211081,38658364,7/17/2015,17115197,Summer,17,7,2015,3
6425652,38602225,7/17/2015,29587926,Michael,17,7,2015,3
6783394,38550317,7/16/2015,37802809,Guerin,16,7,2015,3
4144767,38570345,7/16/2015,24211171,Alison,16,7,2015,3
2621746,38410337,7/15/2015,10234549,Dennis,15,7,2015,3
2586350,38428715,7/15/2015,35868480,John,15,7,2015,3
1429904,38279405,7/14/2015,11088381,Henriette,14,7,2015,3
2994309,38257162,7/14/2015,29940584,Beverly,14,7,2015,3
1593991,38146465,7/13/2015,20548711,Kong,13,7,2015,3
3380159,38145908,7/13/2015,35077699,Gayle,13,7,2015,3
777159,38065796,7/12/2015,22332223,Keith S,12,7,2015,3
5386937,37693152,7/9/2015,17375010,Kelsey,9,7,2015,3
3209633,37476604,7/7/2015,5354876,Nadama,7,7,2015,3
3582883,37471073,7/7/2015,14301734,Jason,7,7,2015,3
6557767,37371883,7/6/2015,21109536,Kristine,6,7,2015,3
1781873,37426733,7/6/2015,14020772,Alisa,6,7,2015,3
4616634,37165406,7/5/2015,26228517,Martha,5,7,2015,3
5205984,37010208,7/3/2015,36822486,Jasmine,3,7,2015,3
4862719,37025237,7/3/2015,36483702,Julie,3,7,2015,3
4100009,36892400,7/2/2015,27871475,Mark,2,7,2015,3
5195064,36881990,7/2/2015,34306847,Allan,2,7,2015,3
397117,36857083,7/2/2015,25395224,Shannon,2,7,2015,3
2332949,36761398,7/1/2015,27290208,Tony,1,7,2015,3
1476298,36778582,7/1/2015,30609207,Evan,1,7,2015,3
1042022,36791619,7/1/2015,6135508,Siobhan,1,7,2015,3
456040,36768078,7/1/2015,17052720,Penny,1,7,2015,3
6079131,36675445,6/30/2015,32530094,Michael,30,6,2015,2
890677,36703788,6/30/2015,4622270,Kristin Lee,30,6,2015,2
5660792,36687680,6/30/2015,18097182,Kelly,30,6,2015,2
3424991,36680639,6/30/2015,32798649,Amy,30,6,2015,2
4318814,36666425,6/30/2015,5883891,Courtney,30,6,2015,2
3582883,36559718,6/29/2015,31483929,Kee Wai,29,6,2015,2
2441908,36356267,6/28/2015,1235242,Rebecca,28,6,2015,2
2955782,36369696,6/28/2015,10978288,Brannon,28,6,2015,2
5052459,36368742,6/28/2015,27441396,Donna,28,6,2015,2
392140,36411422,6/28/2015,9014223,Winona,28,6,2015,2
3200646,36325381,6/27/2015,35919776,Yutaro,27,6,2015,2
5175631,36286420,6/27/2015,32906451,Jennipher,27,6,2015,2
4701205,36340419,6/27/2015,36380948,Yuta,27,6,2015,2
3404700,36292112,6/27/2015,12486540,Monika,27,6,2015,2
6249164,36224041,6/26/2015,7485789,Julian,26,6,2015,2
6939106,36157633,6/25/2015,32857570,Thomas,25,6,2015,2
4317390,36122031,6/25/2015,34846336,Julianne,25,6,2015,2
1758935,36117747,6/25/2015,33251746,Dani,25,6,2015,2
3772674,36005794,6/24/2015,28407837,Lucy,24,6,2015,2
5376433,35955979,6/23/2015,9455377,Heejae,23,6,2015,2
4271174,35952915,6/23/2015,34672073,Paul,23,6,2015,2
1928010,35918607,6/23/2015,6929033,Daniel,23,6,2015,2
5315169,35916871,6/23/2015,14104379,Jessica,23,6,2015,2
2373176,35809797,6/22/2015,11476764,Chris,22,6,2015,2
2642359,35873696,6/22/2015,35787374,Andrew,22,6,2015,2
3251069,35883246,6/22/2015,35711482,Joshua,22,6,2015,2
208356,35785204,6/22/2015,29789922,Giorgio,22,6,2015,2
241032,35779990,6/22/2015,30022836,Jim,22,6,2015,2
6479027,35712212,6/21/2015,33189001,Mandy,21,6,2015,2
5992032,35761998,6/21/2015,34959310,Nick,21,6,2015,2
2919571,35550392,6/20/2015,29278000,Petra,20,6,2015,2
206781,35562270,6/20/2015,32619550,Shannon,20,6,2015,2
3803947,35549574,6/20/2015,5007687,Bradley,20,6,2015,2
3050140,35560593,6/20/2015,8202342,Aram,20,6,2015,2
4438871,35509965,6/19/2015,35380778,Katy,19,6,2015,2
3624990,35297846,6/17/2015,2457555,Sharon,17,6,2015,2
5874421,35210553,6/16/2015,17549826,Joy,16,6,2015,2
4922836,35144109,6/15/2015,34678077,Guadalupe,15,6,2015,2
3312406,35068117,6/15/2015,5879795,Sheeva,15,6,2015,2
5559643,35048602,6/14/2015,23122454,Caspian,14,6,2015,2
3604904,34964578,6/14/2015,31866964,Alice,14,6,2015,2
5620928,34903632,6/13/2015,14520689,Suzy,13,6,2015,2
5069495,34876396,6/13/2015,5282182,Erin,13,6,2015,2
3544964,34812563,6/12/2015,19753786,Cindy,12,6,2015,2
5548982,34730483,6/11/2015,13557625,Barbara,11,6,2015,2
797358,34662218,6/10/2015,29808522,Paige,10,6,2015,2
3308979,34619386,6/10/2015,3096318,Logan,10,6,2015,2
4593740,34649524,6/10/2015,27339176,Harold,10,6,2015,2
1763809,34645053,6/10/2015,32628982,Erin Nicole,10,6,2015,2
3258213,34683792,6/10/2015,34476933,Iwona,10,6,2015,2
4378803,34525261,6/9/2015,28920797,Jaime,9,6,2015,2
2474569,34578592,6/9/2015,17342726,Sal,9,6,2015,2
5259194,34592114,6/9/2015,34405585,Rebecca,9,6,2015,2
6363765,34369403,6/7/2015,26809430,Lili,7,6,2015,2
5160893,34277180,6/7/2015,27868674,Kristin,7,6,2015,2
2215336,34193156,6/6/2015,5591495,Rachel,6,6,2015,2
4776823,34117136,6/5/2015,6374580,Anne,5,6,2015,2
5236979,34145930,6/5/2015,13747658,Kristin,5,6,2015,2
1844791,34015270,6/3/2015,18335788,Elizabeth,3,6,2015,2
3543247,33979042,6/3/2015,19530135,Susannah,3,6,2015,2
365550,33979332,6/3/2015,627609,Reg,3,6,2015,2
6453383,33854419,6/1/2015,30739423,Lauren,1,6,2015,2
4461706,33869810,6/1/2015,12765999,Sara And Mike,1,6,2015,2
1750681,33736945,5/31/2015,10436273,Elizabeth,31,5,2015,2
5364119,33732390,5/31/2015,8264217,Aimee,31,5,2015,2
573942,33729115,5/31/2015,2799821,Greg,31,5,2015,2
4082986,33647746,5/31/2015,26523067,Alex,31,5,2015,2
6076158,33608599,5/30/2015,10042488,Wyatt,30,5,2015,2
461567,33499399,5/29/2015,3861251,Scout,29,5,2015,2
2621746,33470240,5/28/2015,4831252,Sytske,28,5,2015,2
143704,33257900,5/26/2015,30720645,Jessica,26,5,2015,2
3269390,33258343,5/26/2015,1113751,Lisa,26,5,2015,2
25002,33252641,5/26/2015,25479118,Steve,26,5,2015,2
3345341,32921567,5/23/2015,32801313,Nicole,23,5,2015,2
3582883,32866230,5/22/2015,33441450,Sidney,22,5,2015,2
143704,32742655,5/21/2015,25955120,Pa,21,5,2015,2
4157572,32567538,5/19/2015,14386378,Lukas,19,5,2015,2
1351716,32629287,5/19/2015,807001,Darian,19,5,2015,2
1256892,32615424,5/19/2015,2512683,William,19,5,2015,2
2399736,32572962,5/19/2015,21854498,Mitch,19,5,2015,2
533443,32466422,5/18/2015,6203162,Francisco,18,5,2015,2
5006092,32473230,5/18/2015,5409395,China,18,5,2015,2
4279876,32335222,5/17/2015,28454235,Michelle,17,5,2015,2
1978743,32357839,5/17/2015,6278739,Steve,17,5,2015,2
1483944,32252318,5/16/2015,1392115,Robert,16,5,2015,2
30712,32225239,5/15/2015,33200818,Derek,15,5,2015,2
1856970,32188455,5/15/2015,17793210,Ma,15,5,2015,2
1289082,32208185,5/15/2015,27853192,QingQing,15,5,2015,2
6120046,32129346,5/14/2015,12271107,Antoinette,14,5,2015,2
3143227,32141173,5/14/2015,16679159,Serena,14,5,2015,2
3977450,32131310,5/14/2015,31938054,Cynthia,14,5,2015,2
1100714,32043655,5/12/2015,1787,Kimberly,12,5,2015,2
817115,32026899,5/12/2015,17928953,Dave,12,5,2015,2
5510720,31885012,5/11/2015,9471858,Jared,11,5,2015,2
2612025,31765211,5/10/2015,8284715,Jen,10,5,2015,2
1566487,31814990,5/10/2015,6067392,Andrew,10,5,2015,2
4996554,31770123,5/10/2015,27624120,Jon,10,5,2015,2
4681687,31825412,5/10/2015,31867666,James,10,5,2015,2
445199,31838639,5/10/2015,9464208,LeeAnna,10,5,2015,2
5728135,31817697,5/10/2015,1988178,Margo,10,5,2015,2
4672934,31315002,5/4/2015,9746382,Beth,4,5,2015,2
3582883,31397468,5/4/2015,32003567,Ryan,4,5,2015,2
58503,31321611,5/4/2015,22186788,Sushant,4,5,2015,2
522287,31272272,5/3/2015,32224544,Caitlin,3,5,2015,2
3678718,31251592,5/3/2015,6015563,Steve,3,5,2015,2
3783162,31193543,5/3/2015,23917755,Susan,3,5,2015,2
1950446,31195723,5/3/2015,13007560,Elena,3,5,2015,2
5805907,31249186,5/3/2015,6051731,Mimi,3,5,2015,2
2944021,31208523,5/3/2015,417471,Luke,3,5,2015,2
2710274,31141323,5/2/2015,1270438,Delany,2,5,2015,2
5006092,31113245,5/2/2015,10483872,John & Janet,2,5,2015,2
5977556,31019693,4/30/2015,31912696,Crickette,30,4,2015,2
5548982,30950845,4/29/2015,6983246,Marc,29,4,2015,2
5902452,30925213,4/29/2015,31248080,Osazonamen,29,4,2015,2
580182,30930986,4/29/2015,15912168,Jonathan,29,4,2015,2
565703,30797200,4/27/2015,30209809,Susan,27,4,2015,2
43373,30848543,4/27/2015,26337012,Julie,27,4,2015,2
3303376,30783783,4/27/2015,21339015,Srijith,27,4,2015,2
4701205,30690907,4/26/2015,28658136,Libor,26,4,2015,2
4539948,30707373,4/26/2015,7788449,Mia,26,4,2015,2
3345341,30741492,4/26/2015,21767572,Michelle,26,4,2015,2
4046863,30644028,4/25/2015,24677628,Marta,25,4,2015,2
1060467,30560863,4/24/2015,11954710,Will,24,4,2015,2
3383329,30525703,4/23/2015,4379507,Chris,23,4,2015,2
4814811,30434134,4/21/2015,29255906,Annu,21,4,2015,2
4357979,30417291,4/21/2015,1728317,Alyssa,21,4,2015,2
3396140,30397351,4/21/2015,28968257,Rebekah,21,4,2015,2
4264012,30313387,4/20/2015,28991745,Heena,20,4,2015,2
2481189,30330982,4/20/2015,11690259,Kevin,20,4,2015,2
5052459,30305198,4/20/2015,29063188,Paul,20,4,2015,2
580182,30213424,4/19/2015,29184362,James,19,4,2015,2
4616695,30194223,4/19/2015,16793795,Ryan,19,4,2015,2
1432713,30116581,4/17/2015,19481413,Tauseef,17,4,2015,2
1476298,30060972,4/16/2015,29816474,Mehmet,16,4,2015,2
1773803,30052195,4/16/2015,4107277,Celena,16,4,2015,2
3592838,29970806,4/15/2015,10317436,Zach,15,4,2015,2
1984962,29916508,4/14/2015,27919917,Caroline,14,4,2015,2
5562674,29842011,4/13/2015,2251032,Ryan,13,4,2015,2
92835,29839480,4/13/2015,260187,David,13,4,2015,2
5241773,29688664,4/11/2015,22261755,Sue,11,4,2015,2
4973204,29634914,4/10/2015,25711887,Kristen,10,4,2015,2
2026794,29643962,4/10/2015,30595117,Marina,10,4,2015,2
4025593,29405392,4/7/2015,4345173,Sumiko,7,4,2015,2
2693700,29285620,4/6/2015,1982100,Janet  & Ram,6,4,2015,2
4318031,29300127,4/6/2015,27550744,Anne,6,4,2015,2
5259194,29229543,4/5/2015,5924350,Pip,5,4,2015,2
2652941,29197135,4/5/2015,29074899,Andrea,5,4,2015,2
872152,29160290,4/5/2015,667728,Juston,5,4,2015,2
2688555,29200695,4/5/2015,3561049,Jamie,5,4,2015,2
2536507,29180799,4/5/2015,28162729,Salvador,5,4,2015,2
2481189,28894512,3/31/2015,1356444,Jacqueline,31,3,2015,1
4518474,28742159,3/29/2015,88723,Lydia,29,3,2015,1
53867,28735046,3/29/2015,28469864,Jingjing,29,3,2015,1
5160893,28756882,3/29/2015,9022866,Anna,29,3,2015,1
5407311,28682565,3/28/2015,28876076,Dwight,28,3,2015,1
4396961,28692170,3/28/2015,14366553,Meet,28,3,2015,1
1279660,28600025,3/27/2015,28793,Sara,27,3,2015,1
2532879,28619331,3/27/2015,3896407,Zoohey,27,3,2015,1
4645405,28588586,3/26/2015,29174775,Dennis,26,3,2015,1
5126365,28550464,3/25/2015,29768238,David,25,3,2015,1
365550,28301132,3/22/2015,25643049,Phil Ann,22,3,2015,1
1249060,28314057,3/22/2015,14604607,Harley,22,3,2015,1
4773614,28374619,3/22/2015,3625064,Charles,22,3,2015,1
25002,28256018,3/21/2015,4200450,John,21,3,2015,1
1136984,28256440,3/21/2015,27264147,Gabriella,21,3,2015,1
4539948,28246575,3/21/2015,24340509,Kristina,21,3,2015,1
1323446,28177075,3/19/2015,28141710,Bobbie,19,3,2015,1
139463,28164541,3/19/2015,26641191,Marilyn,19,3,2015,1
4251426,28122162,3/18/2015,7050617,Rob,18,3,2015,1
4760472,28152787,3/18/2015,25446284,Megan,18,3,2015,1
1764233,28034545,3/16/2015,672879,Van,16,3,2015,1
585418,28034143,3/16/2015,4368007,Sascha,16,3,2015,1
2746782,28061289,3/16/2015,19309149,Janan,16,3,2015,1
481220,27921714,3/15/2015,26032883,Talia,15,3,2015,1
3993960,27839047,3/13/2015,11428863,Jim,13,3,2015,1
3245876,27749224,3/10/2015,28636440,Una,10,3,2015,1
2736961,27629628,3/8/2015,24699350,Matthew,8,3,2015,1
4814811,27625807,3/8/2015,6863118,Aaron,8,3,2015,1
544433,27528266,3/7/2015,13593293,Alexandra,7,3,2015,1
1023693,27555526,3/7/2015,19350163,Tyler,7,3,2015,1
38545,27489632,3/6/2015,21662558,佳,6,3,2015,1
3510818,27433832,3/4/2015,26705931,Max,4,3,2015,1
3861673,27421397,3/3/2015,229056,Dee,3,3,2015,1
910784,27337040,3/2/2015,11584156,Lucia,2,3,2015,1
4777832,27335514,3/2/2015,26761231,Chiara,2,3,2015,1
611509,27361383,3/2/2015,2866841,Dan,2,3,2015,1
421168,27114258,2/25/2015,19806404,Tree,25,2,2015,1
2033191,27056395,2/24/2015,26364699,Sue,24,2,2015,1
817115,26943858,2/22/2015,27375274,Shana,22,2,2015,1
4776823,26943382,2/22/2015,14908007,Foster,22,2,2015,1
365550,26858403,2/21/2015,18357266,Anja,21,2,2015,1
1707064,26890815,2/21/2015,27690494,Mikey,21,2,2015,1
3200646,26888555,2/21/2015,27602068,Diana,21,2,2015,1
2686374,26852982,2/20/2015,5190766,Ryan,20,2,2015,1
4047058,26706762,2/17/2015,294172,Ashe,17,2,2015,1
3510818,26592172,2/16/2015,10419779,Lindsay,16,2,2015,1
3518808,26616013,2/16/2015,17852562,Fiona,16,2,2015,1
723846,26661358,2/16/2015,24430008,Kevin,16,2,2015,1
1815304,26436913,2/12/2015,8692789,Alex,12,2,2015,1
769213,26293657,2/9/2015,2872711,Daniel,9,2,2015,1
2628010,26318051,2/9/2015,26188775,Jeroen,9,2,2015,1
279063,26173047,2/5/2015,6068054,Chris,5,2,2015,1
279063,26092343,2/2/2015,26416845,Isaac,2,2,2015,1
1301535,26076927,2/2/2015,10171846,Kate,2,2,2015,1
4803403,26000001,2/1/2015,25039448,Phoebe,1,2,2015,1
3441402,25935354,1/30/2015,25964786,Kevin,30,1,2015,1
4776823,25864534,1/27/2015,5727118,Benjamin,27,1,2015,1
58503,25846160,1/27/2015,24712200,William,27,1,2015,1
1171574,25791341,1/26/2015,6844775,Karina,26,1,2015,1
945645,25763267,1/25/2015,25909517,Ann,25,1,2015,1
3791920,25680284,1/23/2015,24024672,Elizabeth,23,1,2015,1
1606171,25649374,1/21/2015,11347446,Lucy,21,1,2015,1
4025593,25633799,1/21/2015,6539682,Jen,21,1,2015,1
1623894,25620356,1/20/2015,2895392,Eli,20,1,2015,1
143704,25602468,1/20/2015,9173189,Sriyutha,20,1,2015,1
2420536,25552758,1/19/2015,4024474,Lincoln,19,1,2015,1
3533224,25468205,1/17/2015,6849015,Marc,17,1,2015,1
4208555,25448624,1/16/2015,421790,Amy,16,1,2015,1
3977605,25404282,1/15/2015,2758774,Annie,15,1,2015,1
4574039,25374894,1/13/2015,3160016,Eduardo,13,1,2015,1
3038772,25332701,1/12/2015,25472711,George,12,1,2015,1
2755730,25315879,1/12/2015,8034639,Tiffany,12,1,2015,1
2392869,25279296,1/11/2015,1332398,Girish,11,1,2015,1
4410544,25238667,1/10/2015,23900072,Emmaris,10,1,2015,1
3604904,25216349,1/9/2015,13896249,Makayla,9,1,2015,1
241032,25211681,1/9/2015,25136933,Kathleen,9,1,2015,1
741699,25019389,1/5/2015,23265031,Erika,5,1,2015,1
3930681,24998235,1/4/2015,25464676,Gideon,4,1,2015,1
4608592,24853297,1/3/2015,4232907,Paulina,3,1,2015,1
3076065,24728738,1/2/2015,23270786,Ben,2,1,2015,1
4831200,24776177,1/2/2015,13935468,Devin,2,1,2015,1
3518808,24529144,12/30/2014,22868786,Sharon,30,12,2014,4
4439293,24366462,12/27/2014,9287686,Cara,27,12,2014,4
3242605,24296830,12/25/2014,6904515,Christen,25,12,2014,4
3793047,24268827,12/24/2014,18302074,Julie,24,12,2014,4
1593991,24253449,12/23/2014,20168047,Dale,23,12,2014,4
3697351,24205645,12/22/2014,21734069,Hitomi,22,12,2014,4
2526405,24161421,12/21/2014,4742266,Alysha,21,12,2014,4
53867,24145286,12/21/2014,23833649,A-Rod,21,12,2014,4
3861673,24103227,12/20/2014,13740672,Phil,20,12,2014,4
5682,24073074,12/19/2014,22043191,Roxanne,19,12,2014,4
3582883,23908237,12/14/2014,21424768,Wei,14,12,2014,4
3312406,23765550,12/9/2014,13978288,Jokubas,9,12,2014,4
3604904,23760479,12/9/2014,23753084,Richard,9,12,2014,4
4388148,23638220,12/7/2014,4849876,Joshua,7,12,2014,4
3543247,23667902,12/7/2014,16719488,William,7,12,2014,4
3303978,23618437,12/6/2014,12365734,Ali,6,12,2014,4
3908378,23586228,12/5/2014,23872682,Donna,5,12,2014,4
4250367,23524238,12/3/2014,5308748,Tamra,3,12,2014,4
3615614,23505040,12/2/2014,1785347,Harrod,2,12,2014,4
4349344,23391484,11/30/2014,23506563,Roberta,30,11,2014,4
704764,23372372,11/30/2014,19595581,Amanda,30,11,2014,4
3528627,23353495,11/29/2014,20698532,Cornelia,29,11,2014,4
3333971,23329895,11/29/2014,22898509,Steve,29,11,2014,4
722537,23209950,11/25/2014,10860592,Mike,25,11,2014,4
1279660,22840059,11/16/2014,2021441,Albino,16,11,2014,4
202260,22786759,11/14/2014,10170644,Michael,14,11,2014,4
3890990,22769691,11/14/2014,11541905,Barbara,14,11,2014,4
3946160,22756859,11/13/2014,22303973,Travis,13,11,2014,4
2536507,22726265,11/12/2014,10114101,Jeff,12,11,2014,4
3652434,22611304,11/10/2014,22936157,Seth,10,11,2014,4
365550,22590352,11/10/2014,607714,Natnaal,10,11,2014,4
3951768,22638858,11/10/2014,127659,Suzanne,10,11,2014,4
140331,22607786,11/10/2014,22825035,Ariana,10,11,2014,4
3552523,22540568,11/9/2014,22593045,Steven,9,11,2014,4
4388148,22410723,11/5/2014,22542238,Hannah,5,11,2014,4
2391699,22339025,11/3/2014,12459050,Rupika,3,11,2014,4
1220816,22278977,11/2/2014,574608,Amanda,2,11,2014,4
1039766,22254074,11/2/2014,21179557,Rob,2,11,2014,4
4009295,22256210,11/2/2014,22083305,Ashley,2,11,2014,4
491958,22104697,10/30/2014,21423386,Bafemi,30,10,2014,4
841049,21884615,10/26/2014,21175241,Gang,26,10,2014,4
841140,21910903,10/26/2014,5100668,Heidi,26,10,2014,4
4278896,21804147,10/24/2014,8261293,Jill,24,10,2014,4
53867,21806629,10/24/2014,22571243,Nancy Lynn,24,10,2014,4
1476298,21698629,10/22/2014,10366345,Lindsay,22,10,2014,4
3861673,21710456,10/22/2014,209185,Akua,22,10,2014,4
704764,21672950,10/21/2014,7987191,Cheryl,21,10,2014,4
1763809,21684858,10/21/2014,6155629,Jonathan,21,10,2014,4
1566487,21628243,10/20/2014,8763721,Adam,20,10,2014,4
1432713,21536986,10/19/2014,12036929,Alexander,19,10,2014,4
2621746,21491279,10/18/2014,22369128,Victoria,18,10,2014,4
47196,21338329,10/15/2014,19987598,Christine,15,10,2014,4
2621746,21324198,10/14/2014,21580308,Justin,14,10,2014,4
3992155,21237906,10/13/2014,6426198,Stefan,13,10,2014,4
3679617,21263034,10/13/2014,22257856,Vickie,13,10,2014,4
565703,21233011,10/13/2014,6660110,Vik,13,10,2014,4
1732280,21014737,10/9/2014,2619526,Carrie,9,10,2014,4
2039149,20931326,10/7/2014,18802,Annie,7,10,2014,4
2525172,20847164,10/6/2014,1383215,Allison,6,10,2014,4
841049,20655311,10/3/2014,19580173,John,3,10,2014,4
365550,20640755,10/3/2014,2477359,Tim,3,10,2014,4
52525,20608319,10/2/2014,20370508,Patrick,2,10,2014,4
475361,20596510,10/2/2014,15303272,Hege,2,10,2014,4
755613,20559286,10/1/2014,11327456,Mary,1,10,2014,4
3998922,20461616,9/29/2014,817363,Jenna,29,9,2014,3
3158210,20449559,9/29/2014,6067840,Amaury,29,9,2014,3
4126284,20310673,9/27/2014,20863217,Kate,27,9,2014,3
1432713,20250424,9/26/2014,1564494,Divya,26,9,2014,3
573942,20115509,9/23/2014,21153423,Michelle,23,9,2014,3
2154617,20022891,9/22/2014,19990021,Missy,22,9,2014,3
1039766,20004802,9/22/2014,2580816,Yannis,22,9,2014,3
84030,20031507,9/22/2014,10601127,Joseph,22,9,2014,3
215954,20044430,9/22/2014,15211347,Ryan And Kelly,22,9,2014,3
2586642,20053799,9/22/2014,4240324,Julia,22,9,2014,3
279063,19957948,9/21/2014,2277957,Brandon,21,9,2014,3
3040278,19591931,9/15/2014,15602001,Sara,15,9,2014,3
573942,19658408,9/15/2014,21168390,Hallie,15,9,2014,3
2263643,19579009,9/14/2014,5091043,Eva,14,9,2014,3
3971346,19558181,9/14/2014,20608774,Dominic,14,9,2014,3
1763809,19545626,9/14/2014,19623346,Pauline,14,9,2014,3
888967,19552783,9/14/2014,8595001,Jay,14,9,2014,3
3582883,19420012,9/12/2014,19739359,Annika,12,9,2014,3
2194715,19423793,9/12/2014,20029807,Bethany,12,9,2014,3
1796302,19257998,9/9/2014,12428614,Katie,9,9,2014,3
2536507,19282883,9/9/2014,20086122,Brett,9,9,2014,3
1039766,19284463,9/9/2014,19903885,Pedro,9,9,2014,3
461234,19205232,9/8/2014,19004118,Jared,8,9,2014,3
3254956,19155522,9/7/2014,601220,Enia,7,9,2014,3
397117,19117113,9/7/2014,5055150,David Scott,7,9,2014,3
3147706,19148222,9/7/2014,19935732,Monica,7,9,2014,3
3673759,19137607,9/7/2014,19258380,Jimena,7,9,2014,3
1796302,18934628,9/3/2014,11364451,Günther,3,9,2014,3
3401644,18915342,9/2/2014,20228207,Jade,2,9,2014,3
921571,18820027,9/1/2014,5802574,Samantha,1,9,2014,3
3676779,18812510,9/1/2014,18927361,Aamir,1,9,2014,3
2472850,18796792,9/1/2014,8712329,Vanessie,1,9,2014,3
2484067,18697235,8/30/2014,13874664,Heather,30,8,2014,3
1732441,18432023,8/26/2014,3417409,Leslie,26,8,2014,3
3120652,18418913,8/26/2014,6492072,New,26,8,2014,3
2979387,18368054,8/25/2014,20107535,Audrey,25,8,2014,3
3177005,18327567,8/25/2014,18055633,John,25,8,2014,3
674113,18242622,8/24/2014,1583084,David,24,8,2014,3
2150760,18254756,8/24/2014,18456005,Carrie,24,8,2014,3
2898401,18272262,8/24/2014,834185,Zachary,24,8,2014,3
910784,17992950,8/20/2014,10842827,Steffi,20,8,2014,3
1733747,17989128,8/19/2014,17693578,Sarah,19,8,2014,3
2731253,17827455,8/18/2014,963981,Liam,18,8,2014,3
3380159,17715877,8/16/2014,19523886,Rebecca,16,8,2014,3
493591,17629665,8/15/2014,22792,Leigh,15,8,2014,3
3531616,17658404,8/15/2014,18231966,Moritz,15,8,2014,3
817115,17593992,8/14/2014,921140,Meade,14,8,2014,3
25002,17336551,8/11/2014,5605852,Cassie,11,8,2014,3
3441402,17374477,8/11/2014,2740364,Bryan,11,8,2014,3
533443,17299054,8/10/2014,17271008,Neil,10,8,2014,3
2352218,17297178,8/10/2014,12932928,Natalia,10,8,2014,3
2825852,17229905,8/9/2014,9335481,Alan,9,8,2014,3
3052151,17225565,8/9/2014,18148682,Matt,9,8,2014,3
3487824,17172745,8/8/2014,13169684,James,8,8,2014,3
1256892,17097638,8/7/2014,16148135,Brian,7,8,2014,3
2032805,17110090,8/7/2014,17870225,Joyce,7,8,2014,3
67270,17117101,8/7/2014,16915548,Roland,7,8,2014,3
3303376,17052894,8/6/2014,17269187,Benjamin,6,8,2014,3
2260626,17085710,8/6/2014,7253162,Birsen,6,8,2014,3
3139847,17046225,8/6/2014,16268047,Chris And Emily,6,8,2014,3
1321090,16970059,8/5/2014,11601274,Rebecca,5,8,2014,3
3146212,16927806,8/4/2014,3219746,Sarah,4,8,2014,3
1071843,16896650,8/4/2014,245297,Bert,4,8,2014,3
3386862,16874541,8/3/2014,3807648,Danielle,3,8,2014,3
1773803,16704880,8/1/2014,13466899,Mandy,1,8,2014,3
1147349,16734296,8/1/2014,7133872,Annika,1,8,2014,3
2978929,16716988,8/1/2014,16343760,Frank,1,8,2014,3
1781873,16729361,8/1/2014,2874195,Gowa,1,8,2014,3
3385421,16672065,7/31/2014,17570690,Ben,31,7,2014,3
637710,16631334,7/30/2014,12086226,Valeri,30,7,2014,3
1684236,16608196,7/30/2014,13141105,Allison,30,7,2014,3
794633,16542716,7/29/2014,12737479,Cassandra,29,7,2014,3
535300,16468555,7/28/2014,15941849,Kerri,28,7,2014,3
2763078,16404830,7/27/2014,15934022,Shannon,27,7,2014,3
619366,16392081,7/27/2014,12034599,Robbie,27,7,2014,3
1060467,16318983,7/25/2014,1912284,Sean,25,7,2014,3
1163345,16307807,7/25/2014,3801996,Dallas,25,7,2014,3
1209255,16199635,7/23/2014,14090621,Paul,23,7,2014,3
3498114,16221586,7/23/2014,11300417,Patrick,23,7,2014,3
1100714,16200061,7/23/2014,14340964,Kenneth,23,7,2014,3
746380,16108420,7/22/2014,3312512,Zahara,22,7,2014,3
585418,16068209,7/21/2014,15652234,Chih-Chin,21,7,2014,3
888967,16063659,7/21/2014,3993420,Jack,21,7,2014,3
506542,15857605,7/17/2014,11563665,Nils,17,7,2014,3
1476298,15822196,7/16/2014,12277640,Mardi,16,7,2014,3
461234,15671828,7/14/2014,344962,Tracy,14,7,2014,3
3333971,15639752,7/13/2014,770937,Melissa,13,7,2014,3
3215404,15657512,7/13/2014,17771123,Lynn,13,7,2014,3
3293438,15505143,7/10/2014,7963006,De-Laine,10,7,2014,3
3383329,15432456,7/8/2014,17533046,Arthur,8,7,2014,3
544433,15301978,7/7/2014,5363064,Brianne,7,7,2014,3
707424,15131934,7/3/2014,12737068,Nancy,3,7,2014,3
2418658,15101032,7/2/2014,15783337,Jennifer,2,7,2014,3
173896,14989043,6/30/2014,592123,Tiffany,30,6,2014,2
1914051,14903372,6/29/2014,4381103,Rick,29,6,2014,2
20868,14814787,6/27/2014,1982319,Jennifer,27,6,2014,2
2194715,14770314,6/26/2014,1265173,Jerry,26,6,2014,2
815017,14799612,6/26/2014,3860441,Chris,26,6,2014,2
2039149,14730282,6/25/2014,7507989,Susan,25,6,2014,2
2620429,14614940,6/23/2014,15011513,Gregg,23,6,2014,2
794633,14596560,6/23/2014,3023693,Ken,23,6,2014,2
1856970,14354464,6/17/2014,2258437,Kari,17,6,2014,2
1618842,14145119,6/13/2014,5709303,Martha,13,6,2014,2
1200829,14123356,6/12/2014,14892393,Mindy,12,6,2014,2
1214316,14088214,6/11/2014,3276201,Nick,11,6,2014,2
741699,14008332,6/10/2014,10488369,Marjo,10,6,2014,2
67270,14017373,6/10/2014,1552491,Elizabeth,10,6,2014,2
1060467,13853106,6/6/2014,8636538,Burak,6,6,2014,2
1455908,13569696,5/31/2014,4485286,Elaine,31,5,2014,2
158345,13535944,5/30/2014,791723,Barbara,30,5,2014,2
20927,13529314,5/30/2014,10041911,Howard,30,5,2014,2
1328159,13487361,5/28/2014,3516543,Matthew,28,5,2014,2
208356,13401715,5/27/2014,10122018,Lance,27,5,2014,2
2584354,13418455,5/27/2014,1493546,Bonnie,27,5,2014,2
2020505,13344015,5/26/2014,9349800,Peronel,26,5,2014,2
2620429,13249549,5/23/2014,9148447,Jeff,23,5,2014,2
119103,13209160,5/22/2014,9838310,Stephen,22,5,2014,2
2367298,13197579,5/21/2014,14819767,Louise,21,5,2014,2
741699,13097368,5/19/2014,7764095,Tess,19,5,2014,2
1472532,12823850,5/12/2014,6736897,Scott & Daria,12,5,2014,2
769213,12709605,5/9/2014,9281955,Nick & Jen,9,5,2014,2
1204142,12612139,5/6/2014,4138045,Becca,6,5,2014,2
1602488,12554216,5/5/2014,13746120,Scott,5,5,2014,2
674113,12517051,5/4/2014,8272547,Philip,4,5,2014,2
2277640,12520865,5/4/2014,14992870,Kate,4,5,2014,2
15108,12414291,5/1/2014,14563304,Parikshat,1,5,2014,2
107962,12327224,4/29/2014,11154445,Ben,29,4,2014,2
882274,12209325,4/26/2014,13034897,Isabel,26,4,2014,2
20927,12181385,4/25/2014,4470166,Julia,25,4,2014,2
1114695,12086568,4/22/2014,13898125,Katy,22,4,2014,2
1790020,12096091,4/22/2014,14212127,Aubrey,22,4,2014,2
1042022,12011556,4/21/2014,13585894,Benjamin,21,4,2014,2
1950446,11998087,4/21/2014,4873843,Shermayne,21,4,2014,2
704764,12020318,4/21/2014,7548008,Gary,21,4,2014,2
1707064,11816460,4/15/2014,2962271,Larry,15,4,2014,2
1039766,11751507,4/14/2014,12054937,Ellen,14,4,2014,2
1950446,11621880,4/9/2014,519526,Tawan,9,4,2014,2
2487892,11556723,4/7/2014,12202349,Susan,7,4,2014,2
882274,11393249,4/1/2014,11050266,Peter,1,4,2014,2
1145941,11382241,3/31/2014,13499976,Jason,31,3,2014,1
92835,11287177,3/28/2014,13079161,Ben,28,3,2014,1
619366,11291280,3/28/2014,13387582,Sue,28,3,2014,1
2367298,11246039,3/26/2014,12436604,Renee,26,3,2014,1
841049,11218013,3/25/2014,5243434,Andrea,25,3,2014,1
1802663,11177354,3/24/2014,2397934,Sam,24,3,2014,1
794633,11169774,3/24/2014,943807,Kimberly,24,3,2014,1
1018204,11101755,3/20/2014,13045920,Johanna,20,3,2014,1
1956094,11035354,3/17/2014,12972233,Nancy,17,3,2014,1
2020505,10867269,3/10/2014,12780691,Sally,10,3,2014,1
286080,10756389,3/6/2014,5388565,LauraBeth,6,3,2014,1
1493197,10679954,3/3/2014,11237749,Kirk,3,3,2014,1
580182,10678956,3/3/2014,11133723,Heather,3,3,2014,1
1652107,10665094,3/2/2014,204816,Megan,2,3,2014,1
1956274,10574461,2/25/2014,11944541,Alexandra,25,2,2014,1
53867,10575709,2/25/2014,12041009,Jenny,25,2,2014,1
47196,10565571,2/25/2014,3361107,Molly,25,2,2014,1
856550,10514164,2/23/2014,261078,Victor,23,2,2014,1
988176,10397113,2/17/2014,11767728,Maria,17,2,2014,1
1531458,10389940,2/17/2014,1423494,Yuriy,17,2,2014,1
904057,10339760,2/14/2014,11902553,Brett,14,2,2014,1
1118153,10230530,2/8/2014,8916732,Benjamin,8,2,2014,1
1323446,10138859,2/2/2014,11525808,Adrianna,2,2,2014,1
606297,10048503,1/27/2014,11241242,Jeff,27,1,2014,1
1773803,9986292,1/23/2014,10346088,George,23,1,2014,1
140331,9956364,1/21/2014,10701066,Benjamin,21,1,2014,1
1133329,9919939,1/19/2014,7990856,Morgan,19,1,2014,1
1039766,9893327,1/17/2014,11139360,Cailen,17,1,2014,1
1171574,9661149,1/4/2014,6373324,Ashley,4,1,2014,1
443736,9484805,12/30/2013,10759354,Annah,30,12,2013,4
143704,9394954,12/26/2013,1819314,Jody,26,12,2013,4
793629,9266824,12/17/2013,9466303,Stein,17,12,2013,4
741699,9263232,12/16/2013,2119646,Eugene,16,12,2013,4
284813,9144489,12/9/2013,10210100,Lori,9,12,2013,4
224763,9055366,12/3/2013,7467848,Jim,3,12,2013,4
699460,8977431,11/30/2013,8428035,Sally,30,11,2013,4
841049,8972578,11/29/2013,4392112,Gowri,29,11,2013,4
719233,8882787,11/24/2013,3541543,Thien 'Tang',24,11,2013,4
835149,8745921,11/15/2013,7678373,Neha,15,11,2013,4
231097,8627430,11/9/2013,6825586,Samantha,9,11,2013,4
1198884,8414858,10/29/2013,9337617,Melanie,29,10,2013,4
158345,8254575,10/22/2013,2459776,Shannon,22,10,2013,4
1246809,8243521,10/21/2013,4008739,Greg,21,10,2013,4
392140,8242255,10/21/2013,6666867,Marc,21,10,2013,4
1048798,8065119,10/14/2013,9218804,Anora,14,10,2013,4
988176,7892653,10/7/2013,1017306,Diana,7,10,2013,4
1566487,7750592,10/1/2013,7302560,Colin,1,10,2013,4
1377812,7754440,10/1/2013,8716624,Jonathan,1,10,2013,4
9460,7672168,9/29/2013,5239102,Trevor,29,9,2013,3
1071843,7671790,9/29/2013,8143391,Erin,29,9,2013,3
841049,7513865,9/23/2013,7287681,Mark,23,9,2013,3
888967,7525454,9/23/2013,8633255,Cristal,23,9,2013,3
841274,7412954,9/19/2013,2949524,Bj,19,9,2013,3
1256892,7373412,9/17/2013,247898,Jenna,17,9,2013,3
1377812,7370977,9/17/2013,8216720,Anna,17,9,2013,3
1118153,7289444,9/14/2013,8690419,Hanna,14,9,2013,3
251922,7240991,9/13/2013,1390425,Willow,13,9,2013,3
1349175,7160925,9/9/2013,1556147,Melissa,9,9,2013,3
443580,7115260,9/7/2013,2940592,Aga & Carl,7,9,2013,3
227636,7032714,9/4/2013,5122204,Minda,4,9,2013,3
1541705,6999744,9/2/2013,8186715,Noah,2,9,2013,3
293890,6952149,9/1/2013,4590315,Paula,1,9,2013,3
488268,6937284,8/31/2013,7489685,Michal,31,8,2013,3
1348777,6840598,8/26/2013,8310410,Rachel,26,8,2013,3
699460,6784333,8/25/2013,7379765,Michael,25,8,2013,3
533443,6754275,8/24/2013,6919479,Li,24,8,2013,3
817115,6748347,8/23/2013,7199702,Poppy,23,8,2013,3
1112092,6655276,8/20/2013,6514968,Silvia,20,8,2013,3
535300,6660540,8/20/2013,1482630,Andree-Anne,20,8,2013,3
609701,6578686,8/18/2013,3942315,Roland,18,8,2013,3
279063,6560724,8/17/2013,6892687,Barbara,17,8,2013,3
1118153,6546402,8/16/2013,7991423,Gilad,16,8,2013,3
47491,6520487,8/15/2013,6306105,Katya,15,8,2013,3
1080097,6457274,8/13/2013,6569093,Shaun,13,8,2013,3
1476298,6410886,8/11/2013,390730,Jim,11,8,2013,3
1145148,6399221,8/11/2013,5355142,Danny,11,8,2013,3
835149,6327421,8/8/2013,7368057,Ken,8,8,2013,3
843812,6278222,8/6/2013,7028992,Peter,6,8,2013,3
1328159,6287831,8/6/2013,7651160,Drew,6,8,2013,3
1133329,6199431,8/3/2013,7352717,Stephanie,3,8,2013,3
522287,6136627,7/31/2013,2478813,Ioanna,31,7,2013,3
338091,6101286,7/30/2013,5355845,Larry,30,7,2013,3
942490,6093260,7/29/2013,766892,Eric,29,7,2013,3
535300,5858974,7/20/2013,4303637,Melanie,20,7,2013,3
387464,5847802,7/19/2013,6950880,Emily,19,7,2013,3
1145941,5811646,7/17/2013,6948706,Aura M,17,7,2013,3
788146,5819294,7/17/2013,3436616,Josephine,17,7,2013,3
668169,5796973,7/16/2013,3794068,Heather,16,7,2013,3
841049,5604299,7/8/2013,6446507,Lisa,8,7,2013,3
442487,5445792,7/1/2013,3794721,Amy,1,7,2013,3
1039766,5480716,7/1/2013,4549808,James,1,7,2013,3
475361,5434122,6/30/2013,6387802,Ben,30,6,2013,2
557126,5350955,6/25/2013,1622408,Heidi,25,6,2013,2
1264287,5328811,6/24/2013,6901122,Ashley,24,6,2013,2
723723,5189590,6/17/2013,6491960,Maria,17,6,2013,2
565703,5131366,6/14/2013,6378787,Cen,14,6,2013,2
92835,5043048,6/9/2013,6603152,Michael,9,6,2013,2
227636,4942728,6/3/2013,6155698,Alexis,3,6,2013,2
719233,4502392,5/9/2013,5023564,Nick,9,5,2013,2
23430,4507547,5/9/2013,5880466,Ryan,9,5,2013,2
948077,4425452,5/4/2013,711259,Christine,4,5,2013,2
762029,4207205,4/18/2013,5741818,Tamar,18,4,2013,2
429453,4148125,4/14/2013,5332553,Jessica,14,4,2013,2
63308,4126835,4/12/2013,5092570,Odrin,12,4,2013,2
637710,3978775,4/1/2013,5201132,Cory,1,4,2013,2
486344,3810623,3/17/2013,5370037,Justin,17,3,2013,1
47491,3801240,3/16/2013,952375,Aaron,16,3,2013,1
613020,3693364,3/4/2013,5224127,Janice,4,3,2013,1
783061,3618468,2/26/2013,4270633,Mike,26,2,2013,1
841049,3603469,2/22/2013,4888351,Annebnb,22,2,2013,1
284813,3532015,2/13/2013,3835378,John,13,2,2013,1
20927,3378023,1/20/2013,4577913,Jacqueline,20,1,2013,1
146301,3347737,1/14/2013,3189926,Catherine,14,1,2013,1
443580,3330639,1/12/2013,2791708,Melissa,12,1,2013,1
719233,3332125,1/12/2013,4345680,Carla,12,1,2013,1
43373,3327518,1/11/2013,4404273,Anger,11,1,2013,1
132160,3226506,1/2/2013,2937500,Vince,2,1,2013,1
649243,3191545,12/30/2012,262582,Vivian,30,12,2012,4
755613,3159721,12/26/2012,4385085,Nicole,26,12,2012,4
714043,3138869,12/23/2012,3620162,Danny,23,12,2012,4
5682,3100208,12/16/2012,191444,Tuan,16,12,2012,4
320704,2862477,11/12/2012,1410371,Rob & Lauren,12,11,2012,4
258571,2744334,10/29/2012,3312228,Corey,29,10,2012,4
566435,2487996,10/2/2012,3262808,Leah,2,10,2012,4
108765,2479225,10/1/2012,1279870,Lindsay,1,10,2012,4
613020,2380655,9/23/2012,3120588,Bill,23,9,2012,3
74328,2334568,9/18/2012,1163421,Gilda,18,9,2012,3
234898,2307397,9/17/2012,549804,Ira,17,9,2012,3
421168,2262236,9/11/2012,3086028,Carola,11,9,2012,3
234898,2189823,9/4/2012,2173131,Faye,4,9,2012,3
442487,2053568,8/21/2012,2182595,Corinna,21,8,2012,3
353347,2010285,8/17/2012,2801319,Mary,17,8,2012,3
284813,1937495,8/9/2012,2872073,Michael,9,8,2012,3
92835,1899407,8/6/2012,2463604,Sunana,6,8,2012,3
227636,1872644,8/2/2012,414366,Kelly,2,8,2012,3
218741,1855353,7/31/2012,1423328,Rob,31,7,2012,3
25002,1847881,7/31/2012,2260887,Jeffrey,31,7,2012,3
180939,1728959,7/17/2012,1925730,David,17,7,2012,3
92835,1682624,7/11/2012,2297213,Rachel,11,7,2012,3
9531,1503834,6/18/2012,2085069,Diane,18,6,2012,2
340706,1431848,6/7/2012,2067575,Daryn,7,6,2012,2
293890,1427714,6/6/2012,2365364,Theresa,6,6,2012,2
158345,1407628,6/3/2012,2457354,Jude,3,6,2012,2
286080,1393537,6/1/2012,2044701,Lisa,1,6,2012,2
456040,1331542,5/22/2012,2355342,Alissa,22,5,2012,2
132120,1309611,5/20/2012,2167995,Silas,20,5,2012,2
397117,1304670,5/19/2012,1814035,Toni,19,5,2012,2
456040,1295941,5/17/2012,215121,John,17,5,2012,2
251922,1245829,5/8/2012,931924,Diane,8,5,2012,2
194313,1241782,5/7/2012,1133926,Kirby,7,5,2012,2
175576,1230378,5/5/2012,1846376,Chieko,5,5,2012,2
429453,1227418,5/4/2012,1936096,Willie,4,5,2012,2
258571,1224130,5/3/2012,32597,Kathryn,3,5,2012,2
5682,1196673,4/29/2012,1999118,Jessi,29,4,2012,2
251922,1189976,4/28/2012,1568731,Annette,28,4,2012,2
208356,1018497,3/19/2012,1131565,Carol,19,3,2012,1
208356,955139,2/27/2012,1789316,Lela & Toren,27,2,2012,1
143580,938745,2/21/2012,1691821,Paul,21,2,2012,1
72743,909831,2/8/2012,1644228,Rene,8,2,2012,1
20927,903795,2/6/2012,613623,Celes,6,2,2012,1
241032,854486,1/10/2012,1382578,Sara,10,1,2012,1
254340,852386,1/9/2012,578470,Kirk,9,1,2012,1
43373,837296,1/4/2012,813269,Richard,4,1,2012,1
25002,820406,1/1/2012,1455148,Toni,1,1,2012,1
43373,754676,11/29/2011,1418641,Xiaohui,29,11,2011,4
231097,735882,11/21/2011,1403834,Jo,21,11,2011,4
202260,726589,11/17/2011,1329978,Bill,17,11,2011,4
9419,704775,11/8/2011,1256486,Karl,8,11,2011,4
143704,683833,11/1/2011,1223139,Kavita & Ali,1,11,2011,4
26116,676184,10/30/2011,1285702,Erwin,30,10,2011,4
92835,631650,10/16/2011,987818,Sharon,16,10,2011,4
143580,624467,10/12/2011,699617,Brian,12,10,2011,4
158345,602488,10/5/2011,1002360,Roland,5,10,2011,4
173896,528839,9/13/2011,161489,Emery,13,9,2011,3
189156,506930,9/6/2011,940883,Jason,6,9,2011,3
92835,431993,8/9/2011,532323,John,9,8,2011,3
5682,316843,6/15/2011,677093,Myrdith,15,6,2011,2
80188,298874,6/5/2011,631707,Chris,5,6,2011,2
80188,292195,5/31/2011,625851,Dustin,31,5,2011,2
30712,289054,5/30/2011,613283,Stephen,30,5,2011,2
63308,275446,5/22/2011,588880,Jonathan,22,5,2011,2
48848,261131,5/12/2011,506966,Julie,12,5,2011,2
5682,216505,4/4/2011,368977,Julie,4,4,2011,2
5682,130903,11/1/2010,27744,Emily,1,11,2010,4
9419,91596,9/6/2010,219991,Andrew,6,9,2010,3
23430,62352,7/8/2010,122895,Denise,8,7,2010,3
5682,51044,6/8/2010,37243,Dana,8,6,2010,2
